{"cameraMode":{"drawMode":0,"name":"Shaded","section":"Shading Mode"},"sceneLighting":true,"audioPlay":false,"sceneViewState":{"showFog":true,"showMaterialUpdate":false,"showSkybox":true,"showFlares":true,"showImageEffects":true,"showParticleSystems":true},"in2DMode":false,"pivot":{"x":11.313673973083496,"y":6.764727592468262,"z":5.332104206085205},"rotation":{"x":0.12067785859107971,"y":-0.7648085355758667,"z":0.1501067876815796,"w":0.6148178577423096},"size":0.6247450113296509,"orthographic":false}